test_example_id,predicted_category
0.0,m
1.0,m
2.0,m
3.0,m
4.0,m
5.0,m
6.0,m
7.0,m
8.0,m
9.0,m
10.0,m
11.0,m
12.0,m
13.0,m
14.0,f
15.0,m
16.0,m
17.0,m
18.0,f
19.0,m
20.0,f
21.0,m
22.0,m
23.0,m
24.0,m
25.0,m
26.0,m
27.0,m
28.0,m
29.0,m
30.0,m
31.0,m
32.0,m
33.0,m
34.0,m
35.0,f
36.0,m
37.0,m
38.0,f
39.0,m
40.0,m
41.0,m
42.0,m
43.0,m
44.0,m
45.0,m
46.0,m
47.0,m
48.0,m
49.0,m
50.0,m
51.0,m
52.0,f
53.0,f
54.0,m
55.0,m
56.0,m
57.0,m
58.0,m
59.0,f
60.0,m
61.0,m
62.0,m
63.0,f
64.0,f
65.0,m
66.0,m
67.0,f
68.0,m
69.0,m
70.0,m
71.0,m
72.0,m
73.0,m
74.0,f
75.0,f
76.0,m
77.0,m
78.0,m
79.0,m
80.0,m
81.0,m
82.0,f
83.0,m
84.0,m
85.0,m
86.0,m
87.0,f
88.0,m
89.0,m
90.0,m
91.0,m
92.0,m
93.0,f
94.0,f
95.0,m
96.0,m
97.0,m
98.0,m
99.0,f
100.0,m
101.0,m
102.0,m
103.0,m
104.0,f
105.0,m
106.0,m
107.0,m
108.0,m
109.0,f
110.0,m
111.0,m
112.0,f
113.0,f
114.0,m
115.0,m
116.0,m
117.0,m
118.0,m
119.0,f
120.0,m
121.0,m
122.0,m
123.0,m
124.0,f
125.0,f
126.0,m
127.0,f
128.0,m
129.0,m
130.0,m
131.0,m
132.0,m
133.0,m
134.0,m
135.0,f
136.0,m
137.0,m
138.0,f
139.0,m
140.0,m
141.0,m
142.0,f
143.0,m
144.0,m
145.0,m
146.0,m
147.0,m
148.0,m
149.0,f
150.0,m
151.0,f
152.0,m
153.0,f
154.0,m
155.0,m
156.0,m
157.0,m
158.0,m
159.0,m
160.0,m
161.0,m
162.0,f
163.0,m
164.0,m
165.0,m
166.0,m
167.0,m
168.0,m
169.0,m
170.0,m
171.0,m
172.0,m
173.0,m
174.0,m
175.0,m
176.0,m
177.0,m
178.0,f
179.0,m
180.0,m
181.0,m
182.0,m
183.0,m
184.0,m
185.0,m
186.0,m
187.0,m
188.0,m
189.0,m
190.0,m
191.0,m
192.0,m
193.0,m
194.0,m
195.0,m
196.0,m
197.0,m
198.0,m
199.0,f
200.0,f
201.0,f
202.0,f
203.0,m
204.0,m
205.0,m
206.0,m
207.0,m
208.0,f
209.0,f
210.0,f
211.0,m
212.0,m
213.0,m
214.0,m
215.0,m
216.0,m
217.0,m
218.0,m
219.0,m
220.0,m
221.0,m
222.0,m
223.0,m
224.0,m
225.0,m
226.0,f
227.0,m
228.0,m
229.0,f
230.0,m
231.0,m
232.0,m
233.0,m
234.0,m
235.0,m
236.0,f
237.0,m
238.0,m
239.0,m
240.0,m
241.0,m
242.0,m
243.0,m
244.0,f
245.0,m
246.0,m
247.0,m
248.0,f
249.0,m
250.0,m
251.0,m
252.0,m
253.0,m
254.0,m
255.0,m
256.0,m
257.0,m
258.0,m
259.0,m
260.0,m
261.0,m
262.0,m
263.0,m
264.0,m
265.0,m
266.0,m
267.0,f
268.0,m
269.0,m
270.0,m
271.0,m
272.0,m
273.0,m
274.0,m
275.0,m
276.0,m
277.0,f
278.0,m
279.0,m
280.0,m
281.0,m
282.0,m
283.0,m
284.0,m
285.0,m
286.0,m
287.0,m
288.0,m
289.0,f
290.0,m
291.0,m
292.0,m
293.0,m
294.0,m
295.0,m
296.0,m
297.0,f
298.0,f
299.0,m
300.0,f
301.0,m
302.0,m
303.0,m
304.0,m
305.0,m
306.0,m
307.0,m
308.0,m
309.0,m
310.0,f
311.0,m
312.0,m
313.0,m
314.0,f
315.0,m
316.0,m
317.0,m
318.0,m
319.0,m
320.0,m
321.0,m
322.0,m
